comparison_mode,metric,metric_label,count,mean_penalty_pct,median_penalty_pct,std_penalty_pct,min_penalty_pct,q25_penalty_pct,q75_penalty_pct,max_penalty_pct
mtls,benchmark_client_cpu_percent_mean,Benchmark client CPU %,24,-25.186519870111237,-25.220673302373523,11.579804314947568,-41.17465644598467,-36.05935873845648,-14.2559328529581,-10.243896622112718
mtls,broker_cpu_percent_mean,Broker CPU mean %,24,-46.3442135219458,-45.61595330776032,21.418620488273934,-76.12711026937615,-66.45557517188209,-25.47732991382484,-22.564478842388702
mtls,data_consumed_mb,Data consumed MB,24,0.0,0.0,0.0,0.0,0.0,0.0,0.0
mtls,fetch_time_ms,Consumer fetch time ms,24,69.09988458890189,31.545109611366755,59.95489395564028,11.042087851497886,19.80120771663282,113.71985683932587,204.50680272108843
mtls,throughput_mb_per_sec,Throughput MB/s,24,31.813110646022256,25.55145957712724,16.516432469601728,11.11110794171752,16.986533316396628,48.05807258860123,59.72239910700239
mtls,throughput_records_per_sec,Throughput records/s,24,31.813112805363676,25.55141756050012,16.51644315428224,11.111112039644437,16.98653096354231,48.05798830714638,59.72252815295567
tls,benchmark_client_cpu_percent_mean,Benchmark client CPU %,24,-4.464291620347413,-2.5489601409557494,15.200672665128883,-70.40288817461415,-5.2678567824911315,-0.8398616491566431,24.173302255799676
tls,broker_cpu_percent_mean,Broker CPU mean %,24,-15.759751948878142,-23.194757980114044,18.313297007842802,-49.65597110153846,-28.006570198415204,-0.31136776294877716,18.85965343445419
tls,data_consumed_mb,Data consumed MB,24,0.0,0.0,0.0,0.0,0.0,0.0,0.0
tls,fetch_time_ms,Consumer fetch time ms,24,79.58249824972562,61.312549211689586,51.79013730544728,30.88535291717666,38.205992864338896,122.68420678256084,204.33815350389318
tls,throughput_mb_per_sec,Throughput MB/s,24,38.703907128593755,37.36270749059376,11.73707433214973,24.07095795443271,28.117367572044145,49.885452445834275,59.14091455781645
tls,throughput_records_per_sec,Throughput records/s,24,38.70390136440581,37.36275424168429,11.737061776057203,24.07096668158571,28.117361446452293,49.88534340296721,59.14088471045553
